,Trials,SARSAConvergence,QConvergence,pVal
0,0,3,54,0.04517647517590429
1,1,3,25,0.04517647517590429
2,2,3,17,0.04517647517590429
3,3,3,15,0.04517647517590429
4,4,3,13,0.04517647517590429
