,Trials,SARSAConvergence,QConvergence,pVal
0,0,3,208,0.01904452314202699
1,1,3,173,0.01904452314202699
2,2,4,114,0.01904452314202699
3,3,4,109,0.01904452314202699
4,4,4,22,0.01904452314202699
